address	name	full_name	parent_namespace
EXTERNAL:00000001	GetCurrentProcessId	KERNEL32.DLL::GetCurrentProcessId	KERNEL32.DLL
EXTERNAL:00000002	GetModuleHandleA	KERNEL32.DLL::GetModuleHandleA	KERNEL32.DLL
EXTERNAL:00000003	GetProcAddress	KERNEL32.DLL::GetProcAddress	KERNEL32.DLL
EXTERNAL:00000004	DisableThreadLibraryCalls	KERNEL32.DLL::DisableThreadLibraryCalls	KERNEL32.DLL
EXTERNAL:00000005	GetSystemTimeAsFileTime	KERNEL32.DLL::GetSystemTimeAsFileTime	KERNEL32.DLL
EXTERNAL:00000006	GetCurrentThreadId	KERNEL32.DLL::GetCurrentThreadId	KERNEL32.DLL
EXTERNAL:00000007	QueryPerformanceCounter	KERNEL32.DLL::QueryPerformanceCounter	KERNEL32.DLL
EXTERNAL:00000008	IsDebuggerPresent	KERNEL32.DLL::IsDebuggerPresent	KERNEL32.DLL
EXTERNAL:00000009	IsProcessorFeaturePresent	KERNEL32.DLL::IsProcessorFeaturePresent	KERNEL32.DLL
EXTERNAL:0000000a	TerminateProcess	KERNEL32.DLL::TerminateProcess	KERNEL32.DLL
EXTERNAL:0000000b	GetCurrentProcess	KERNEL32.DLL::GetCurrentProcess	KERNEL32.DLL
EXTERNAL:0000000c	SetUnhandledExceptionFilter	KERNEL32.DLL::SetUnhandledExceptionFilter	KERNEL32.DLL
EXTERNAL:0000000d	UnhandledExceptionFilter	KERNEL32.DLL::UnhandledExceptionFilter	KERNEL32.DLL
EXTERNAL:0000000e	RtlVirtualUnwind	KERNEL32.DLL::RtlVirtualUnwind	KERNEL32.DLL
EXTERNAL:0000000f	RtlLookupFunctionEntry	KERNEL32.DLL::RtlLookupFunctionEntry	KERNEL32.DLL
EXTERNAL:00000010	RtlCaptureContext	KERNEL32.DLL::RtlCaptureContext	KERNEL32.DLL
EXTERNAL:00000011	InitializeSListHead	KERNEL32.DLL::InitializeSListHead	KERNEL32.DLL
EXTERNAL:00000012	GetWindowThreadProcessId	USER32.DLL::GetWindowThreadProcessId	USER32.DLL
EXTERNAL:00000013	GetMonitorInfoA	USER32.DLL::GetMonitorInfoA	USER32.DLL
EXTERNAL:00000014	EnumDisplayMonitors	USER32.DLL::EnumDisplayMonitors	USER32.DLL
EXTERNAL:00000015	SetForegroundWindow	USER32.DLL::SetForegroundWindow	USER32.DLL
EXTERNAL:00000016	cmp	SCCORE.DLL::ScCore::String::cmp	SCCORE.DLL::ScCore::String
EXTERNAL:00000017	cmp	SCCORE.DLL::ScCore::String::cmp	SCCORE.DLL::ScCore::String
EXTERNAL:00000018	operator==	SCCORE.DLL::ScCore::String::operator==	SCCORE.DLL::ScCore::String
EXTERNAL:00000019	operator+=	SCCORE.DLL::ScCore::String::operator+=	SCCORE.DLL::ScCore::String
EXTERNAL:0000001a	operator+=	SCCORE.DLL::ScCore::String::operator+=	SCCORE.DLL::ScCore::String
EXTERNAL:0000001b	operator+=	SCCORE.DLL::ScCore::String::operator+=	SCCORE.DLL::ScCore::String
EXTERNAL:0000001c	operator==	SCCORE.DLL::ScCore::HashTable::operator==	SCCORE.DLL::ScCore::HashTable
EXTERNAL:0000001d	find	SCCORE.DLL::ScCore::HashTable::find	SCCORE.DLL::ScCore::HashTable
EXTERNAL:0000001e	ScAtomicInc	SCCORE.DLL::ScAtomicInc	SCCORE.DLL
EXTERNAL:0000001f	ScAtomicDec	SCCORE.DLL::ScAtomicDec	SCCORE.DLL
EXTERNAL:00000020	~Lock	SCCORE.DLL::ScCore::Lock::~Lock	SCCORE.DLL::ScCore::Lock
EXTERNAL:00000021	acquire	SCCORE.DLL::ScCore::Lock::acquire	SCCORE.DLL::ScCore::Lock
EXTERNAL:00000022	release	SCCORE.DLL::ScCore::Lock::release	SCCORE.DLL::ScCore::Lock
EXTERNAL:00000023	~Refcountable	SCCORE.DLL::ScCore::Refcountable::~Refcountable	SCCORE.DLL::ScCore::Refcountable
EXTERNAL:00000024	release	SCCORE.DLL::ScCore::Refcountable::release	SCCORE.DLL::ScCore::Refcountable
EXTERNAL:00000025	getSuperclass	SCCORE.DLL::ScCore::ClassInfo::getSuperclass	SCCORE.DLL::ScCore::ClassInfo
EXTERNAL:00000026	getLanguage	SCCORE.DLL::ScCore::ClassInfo::getLanguage	SCCORE.DLL::ScCore::ClassInfo
EXTERNAL:00000027	getState	SCCORE.DLL::ScCore::ClassInfo::getState	SCCORE.DLL::ScCore::ClassInfo
EXTERNAL:00000028	getDescription	SCCORE.DLL::ScCore::ClassInfo::getDescription	SCCORE.DLL::ScCore::ClassInfo
EXTERNAL:00000029	enumerate	SCCORE.DLL::ScCore::ClassInfo::enumerate	SCCORE.DLL::ScCore::ClassInfo
EXTERNAL:0000002a	getServiceInfo	SCCORE.DLL::ScCore::ClassInfo::getServiceInfo	SCCORE.DLL::ScCore::ClassInfo
EXTERNAL:0000002b	getStaticServiceInfo	SCCORE.DLL::ScCore::ClassInfo::getStaticServiceInfo	SCCORE.DLL::ScCore::ClassInfo
EXTERNAL:0000002c	getStaticServiceInfo	SCCORE.DLL::ScCore::ClassInfo::getStaticServiceInfo	SCCORE.DLL::ScCore::ClassInfo
EXTERNAL:0000002d	getSampleCode	SCCORE.DLL::ScCore::ClassInfo::getSampleCode	SCCORE.DLL::ScCore::ClassInfo
EXTERNAL:0000002e	getSampleCode	SCCORE.DLL::ScCore::ClassInfo::getSampleCode	SCCORE.DLL::ScCore::ClassInfo
EXTERNAL:0000002f	getDataTypeAsString	SCCORE.DLL::ScCore::TypeInfo::getDataTypeAsString	SCCORE.DLL::ScCore::TypeInfo
EXTERNAL:00000030	getDataClass	SCCORE.DLL::ScCore::TypeInfo::getDataClass	SCCORE.DLL::ScCore::TypeInfo
EXTERNAL:00000031	isCollection	SCCORE.DLL::ScCore::TypeInfo::isCollection	SCCORE.DLL::ScCore::TypeInfo
EXTERNAL:00000032	getValidRange	SCCORE.DLL::ScCore::TypeInfo::getValidRange	SCCORE.DLL::ScCore::TypeInfo
EXTERNAL:00000033	getDefaultValue	SCCORE.DLL::ScCore::TypeInfo::getDefaultValue	SCCORE.DLL::ScCore::TypeInfo
EXTERNAL:00000034	getDescription	SCCORE.DLL::ScCore::TypeInfo::getDescription	SCCORE.DLL::ScCore::TypeInfo
EXTERNAL:00000035	getLanguage	SCCORE.DLL::ScCore::ServiceInfo::getLanguage	SCCORE.DLL::ScCore::ServiceInfo
EXTERNAL:00000036	getState	SCCORE.DLL::ScCore::ServiceInfo::getState	SCCORE.DLL::ScCore::ServiceInfo
EXTERNAL:00000037	getDescription	SCCORE.DLL::ScCore::ServiceInfo::getDescription	SCCORE.DLL::ScCore::ServiceInfo
EXTERNAL:00000038	getTypeInfo2	SCCORE.DLL::ScCore::ServiceInfo::getTypeInfo2	SCCORE.DLL::ScCore::ServiceInfo
EXTERNAL:00000039	getParamCount	SCCORE.DLL::ScCore::ServiceInfo::getParamCount	SCCORE.DLL::ScCore::ServiceInfo
EXTERNAL:0000003a	getParamInfo	SCCORE.DLL::ScCore::ServiceInfo::getParamInfo	SCCORE.DLL::ScCore::ServiceInfo
EXTERNAL:0000003b	getSampleCode	SCCORE.DLL::ScCore::ServiceInfo::getSampleCode	SCCORE.DLL::ScCore::ServiceInfo
EXTERNAL:0000003c	getSampleCode	SCCORE.DLL::ScCore::ServiceInfo::getSampleCode	SCCORE.DLL::ScCore::ServiceInfo
EXTERNAL:0000003d	getLanguage	SCCORE.DLL::ScCore::ParamInfo::getLanguage	SCCORE.DLL::ScCore::ParamInfo
EXTERNAL:0000003e	getState	SCCORE.DLL::ScCore::ParamInfo::getState	SCCORE.DLL::ScCore::ParamInfo
EXTERNAL:0000003f	getName	SCCORE.DLL::ScCore::ParamInfo::getName	SCCORE.DLL::ScCore::ParamInfo
EXTERNAL:00000040	getDescription	SCCORE.DLL::ScCore::ParamInfo::getDescription	SCCORE.DLL::ScCore::ParamInfo
EXTERNAL:00000041	doErase	SCCORE.DLL::ScCore::Variant::doErase	SCCORE.DLL::ScCore::Variant
EXTERNAL:00000042	doSetNumAttrs	SCCORE.DLL::ScCore::Variant::doSetNumAttrs	SCCORE.DLL::ScCore::Variant
EXTERNAL:00000043	doGetDouble	SCCORE.DLL::ScCore::Variant::doGetDouble	SCCORE.DLL::ScCore::Variant
EXTERNAL:00000044	doToString	SCCORE.DLL::ScCore::Variant::doToString	SCCORE.DLL::ScCore::Variant
EXTERNAL:00000045	doIsFinite	SCCORE.DLL::ScCore::Variant::doIsFinite	SCCORE.DLL::ScCore::Variant
EXTERNAL:00000046	doIsNaN	SCCORE.DLL::ScCore::Variant::doIsNaN	SCCORE.DLL::ScCore::Variant
EXTERNAL:00000047	doIsMinus0	SCCORE.DLL::ScCore::Variant::doIsMinus0	SCCORE.DLL::ScCore::Variant
EXTERNAL:00000048	~Variant	SCCORE.DLL::ScCore::Variant::~Variant	SCCORE.DLL::ScCore::Variant
EXTERNAL:00000049	setLiveObject	SCCORE.DLL::ScCore::Variant::setLiveObject	SCCORE.DLL::ScCore::Variant
EXTERNAL:0000004a	setLiveObject	SCCORE.DLL::ScCore::Variant::setLiveObject	SCCORE.DLL::ScCore::Variant
EXTERNAL:0000004b	setNumAttrs	SCCORE.DLL::ScCore::Variant::setNumAttrs	SCCORE.DLL::ScCore::Variant
EXTERNAL:0000004c	getInteger	SCCORE.DLL::ScCore::Variant::getInteger	SCCORE.DLL::ScCore::Variant
EXTERNAL:0000004d	setBool	SCCORE.DLL::ScCore::Variant::setBool	SCCORE.DLL::ScCore::Variant
EXTERNAL:0000004e	setInteger	SCCORE.DLL::ScCore::Variant::setInteger	SCCORE.DLL::ScCore::Variant
EXTERNAL:0000004f	setInteger	SCCORE.DLL::ScCore::Variant::setInteger	SCCORE.DLL::ScCore::Variant
EXTERNAL:00000050	setDouble	SCCORE.DLL::ScCore::Variant::setDouble	SCCORE.DLL::ScCore::Variant
EXTERNAL:00000051	setString	SCCORE.DLL::ScCore::Variant::setString	SCCORE.DLL::ScCore::Variant
EXTERNAL:00000052	setString	SCCORE.DLL::ScCore::Variant::setString	SCCORE.DLL::ScCore::Variant
EXTERNAL:00000053	setString	SCCORE.DLL::ScCore::Variant::setString	SCCORE.DLL::ScCore::Variant
EXTERNAL:00000054	setPoint	SCCORE.DLL::ScCore::Variant::setPoint	SCCORE.DLL::ScCore::Variant
EXTERNAL:00000055	setRect	SCCORE.DLL::ScCore::Variant::setRect	SCCORE.DLL::ScCore::Variant
EXTERNAL:00000056	setFileSpec	SCCORE.DLL::ScCore::Variant::setFileSpec	SCCORE.DLL::ScCore::Variant
EXTERNAL:00000057	setRegExp	SCCORE.DLL::ScCore::Variant::setRegExp	SCCORE.DLL::ScCore::Variant
EXTERNAL:00000058	setArray	SCCORE.DLL::ScCore::Variant::setArray	SCCORE.DLL::ScCore::Variant
EXTERNAL:00000059	setUnitValue	SCCORE.DLL::ScCore::Variant::setUnitValue	SCCORE.DLL::ScCore::Variant
EXTERNAL:0000005a	operator=	SCCORE.DLL::ScCore::Variant::operator=	SCCORE.DLL::ScCore::Variant
EXTERNAL:0000005b	operator==	SCCORE.DLL::ScCore::Variant::operator==	SCCORE.DLL::ScCore::Variant
EXTERNAL:0000005c	compare	SCCORE.DLL::ScCore::Variant::compare	SCCORE.DLL::ScCore::Variant
EXTERNAL:0000005d	~Array	SCCORE.DLL::ScCore::Array::~Array	SCCORE.DLL::ScCore::Array
EXTERNAL:0000005e	operator==	SCCORE.DLL::ScCore::Array::operator==	SCCORE.DLL::ScCore::Array
EXTERNAL:0000005f	setLength	SCCORE.DLL::ScCore::Array::setLength	SCCORE.DLL::ScCore::Array
EXTERNAL:00000060	operator[]	SCCORE.DLL::ScCore::Array::operator[]	SCCORE.DLL::ScCore::Array
EXTERNAL:00000061	~Listener	SCCORE.DLL::ScCore::Listener::~Listener	SCCORE.DLL::ScCore::Listener
EXTERNAL:00000062	getData	SCCORE.DLL::ScCore::Message::getData	SCCORE.DLL::ScCore::Message
EXTERNAL:00000063	LiveObject	SCCORE.DLL::ScCore::LiveObject::LiveObject	SCCORE.DLL::ScCore::LiveObject
EXTERNAL:00000064	~LivePropertyManager	SCCORE.DLL::ScCore::LivePropertyManager::~LivePropertyManager	SCCORE.DLL::ScCore::LivePropertyManager
EXTERNAL:00000065	Dictionary	SCCORE.DLL::ScCore::Dictionary::Dictionary	SCCORE.DLL::ScCore::Dictionary
EXTERNAL:00000066	getErrorData	SCCORE.DLL::ScCore::ErrorInfo::getErrorData	SCCORE.DLL::ScCore::ErrorInfo
EXTERNAL:00000067	~LiveComponent	SCCORE.DLL::ScCore::LiveComponent::~LiveComponent	SCCORE.DLL::ScCore::LiveComponent
EXTERNAL:00000068	LiveCollection	SCCORE.DLL::ScCore::LiveCollection::LiveCollection	SCCORE.DLL::ScCore::LiveCollection
EXTERNAL:00000069	LiveArray	SCCORE.DLL::ScCore::LiveArray::LiveArray	SCCORE.DLL::ScCore::LiveArray
EXTERNAL:0000006a	localizeText	SCCORE.DLL::ScCore::Localizer::localizeText	SCCORE.DLL::ScCore::Localizer
EXTERNAL:0000006b	localizedCaseConvert	SCCORE.DLL::ScCore::Localizer::localizedCaseConvert	SCCORE.DLL::ScCore::Localizer
EXTERNAL:0000006c	localizedCompare	SCCORE.DLL::ScCore::Localizer::localizedCompare	SCCORE.DLL::ScCore::Localizer
EXTERNAL:0000006d	getErrorMsg	SCCORE.DLL::ScCore::Localizer::getErrorMsg	SCCORE.DLL::ScCore::Localizer
EXTERNAL:0000006e	getZString	SCCORE.DLL::ScCore::Localizer::getZString	SCCORE.DLL::ScCore::Localizer
EXTERNAL:0000006f	getLocale	SCCORE.DLL::ScCore::Localizer::getLocale	SCCORE.DLL::ScCore::Localizer
EXTERNAL:00000070	operator==	SCCORE.DLL::ScCore::Rect::operator==	SCCORE.DLL::ScCore::Rect
EXTERNAL:00000071	moveTo	SCCORE.DLL::ScCore::Rect::moveTo	SCCORE.DLL::ScCore::Rect
EXTERNAL:00000072	moveBy	SCCORE.DLL::ScCore::Rect::moveBy	SCCORE.DLL::ScCore::Rect
EXTERNAL:00000073	inset	SCCORE.DLL::ScCore::Rect::inset	SCCORE.DLL::ScCore::Rect
EXTERNAL:00000074	isInside	SCCORE.DLL::ScCore::Rect::isInside	SCCORE.DLL::ScCore::Rect
EXTERNAL:00000075	initData	SCCORE.DLL::ScCore::FileSpec::initData	SCCORE.DLL::ScCore::FileSpec
EXTERNAL:00000076	operator==	SCCORE.DLL::ScCore::FileSpec::operator==	SCCORE.DLL::ScCore::FileSpec
EXTERNAL:00000077	getName	SCCORE.DLL::ScCore::FileSpec::getName	SCCORE.DLL::ScCore::FileSpec
EXTERNAL:00000078	getAttributes	SCCORE.DLL::ScCore::FileSpec::getAttributes	SCCORE.DLL::ScCore::FileSpec
EXTERNAL:00000079	resolve	SCCORE.DLL::ScCore::FileSpec::resolve	SCCORE.DLL::ScCore::FileSpec
EXTERNAL:0000007a	~Cloneable	SCCORE.DLL::ScCore::Cloneable::~Cloneable	SCCORE.DLL::ScCore::Cloneable
EXTERNAL:0000007b	operator==	SCCORE.DLL::ScCore::UnitValue::operator==	SCCORE.DLL::ScCore::UnitValue
EXTERNAL:0000007c	~Callbacks	SCCORE.DLL::ScCore::Callbacks::~Callbacks	SCCORE.DLL::ScCore::Callbacks
EXTERNAL:0000007d	operator_new	SCCORE.DLL::ScCore::Heap::operator_new	SCCORE.DLL::ScCore::Heap
EXTERNAL:0000007e	SimpleArray	SCCORE.DLL::ScCore::SimpleArray::SimpleArray	SCCORE.DLL::ScCore::SimpleArray
EXTERNAL:0000007f	~SimpleArray	SCCORE.DLL::ScCore::SimpleArray::~SimpleArray	SCCORE.DLL::ScCore::SimpleArray
EXTERNAL:00000080	insert	SCCORE.DLL::ScCore::SimpleArray::insert	SCCORE.DLL::ScCore::SimpleArray
EXTERNAL:00000081	emptyString	SCCORE.DLL::ScCore::String::emptyString	SCCORE.DLL::ScCore::String
EXTERNAL:00000082	String	SCCORE.DLL::ScCore::String::String	SCCORE.DLL::ScCore::String
EXTERNAL:00000083	String	SCCORE.DLL::ScCore::String::String	SCCORE.DLL::ScCore::String
EXTERNAL:00000084	String	SCCORE.DLL::ScCore::String::String	SCCORE.DLL::ScCore::String
EXTERNAL:00000085	substr	SCCORE.DLL::ScCore::String::substr	SCCORE.DLL::ScCore::String
EXTERNAL:00000086	print	SCCORE.DLL::ScCore::String::print	SCCORE.DLL::ScCore::String
EXTERNAL:00000087	insert	SCCORE.DLL::ScCore::String::insert	SCCORE.DLL::ScCore::String
EXTERNAL:00000088	split	SCCORE.DLL::ScCore::String::split	SCCORE.DLL::ScCore::String
EXTERNAL:00000089	split	SCCORE.DLL::ScCore::String::split	SCCORE.DLL::ScCore::String
EXTERNAL:0000008a	find	SCCORE.DLL::ScCore::String::find	SCCORE.DLL::ScCore::String
EXTERNAL:0000008b	erase	SCCORE.DLL::ScCore::String::erase	SCCORE.DLL::ScCore::String
EXTERNAL:0000008c	erase	SCCORE.DLL::ScCore::String::erase	SCCORE.DLL::ScCore::String
EXTERNAL:0000008d	operator=	SCCORE.DLL::ScCore::String::operator=	SCCORE.DLL::ScCore::String
EXTERNAL:0000008e	operator=	SCCORE.DLL::ScCore::String::operator=	SCCORE.DLL::ScCore::String
EXTERNAL:0000008f	HashTable	SCCORE.DLL::ScCore::HashTable::HashTable	SCCORE.DLL::ScCore::HashTable
EXTERNAL:00000090	~HashTable	SCCORE.DLL::ScCore::HashTable::~HashTable	SCCORE.DLL::ScCore::HashTable
EXTERNAL:00000091	hasKey	SCCORE.DLL::ScCore::HashTable::hasKey	SCCORE.DLL::ScCore::HashTable
EXTERNAL:00000092	set	SCCORE.DLL::ScCore::HashTable::set	SCCORE.DLL::ScCore::HashTable
EXTERNAL:00000093	getKeys	SCCORE.DLL::ScCore::HashTable::getKeys	SCCORE.DLL::ScCore::HashTable
EXTERNAL:00000094	Variant	SCCORE.DLL::ScCore::Variant::Variant	SCCORE.DLL::ScCore::Variant
EXTERNAL:00000095	toString	SCCORE.DLL::ScCore::Variant::toString	SCCORE.DLL::ScCore::Variant
EXTERNAL:00000096	getLiveObject	SCCORE.DLL::ScCore::Variant::getLiveObject	SCCORE.DLL::ScCore::Variant
EXTERNAL:00000097	setJSObject	SCCORE.DLL::ScCore::Variant::setJSObject	SCCORE.DLL::ScCore::Variant
EXTERNAL:00000098	setJSObject	SCCORE.DLL::ScCore::Variant::setJSObject	SCCORE.DLL::ScCore::Variant
EXTERNAL:00000099	Array	SCCORE.DLL::ScCore::Array::Array	SCCORE.DLL::ScCore::Array
EXTERNAL:0000009a	length	SCCORE.DLL::ScCore::Array::length	SCCORE.DLL::ScCore::Array
EXTERNAL:0000009b	getAll	SCCORE.DLL::ScCore::Dictionary::getAll	SCCORE.DLL::ScCore::Dictionary
EXTERNAL:0000009c	get	SCCORE.DLL::ScCore::Dictionary::get	SCCORE.DLL::ScCore::Dictionary
EXTERNAL:0000009d	isDefault	SCCORE.DLL::ScCore::Dictionary::isDefault	SCCORE.DLL::ScCore::Dictionary
EXTERNAL:0000009e	toXML	SCCORE.DLL::ScCore::Dictionary::toXML	SCCORE.DLL::ScCore::Dictionary
EXTERNAL:0000009f	getClassXML	SCCORE.DLL::ScCore::Dictionary::getClassXML	SCCORE.DLL::ScCore::Dictionary
EXTERNAL:000000a0	Error	SCCORE.DLL::ScCore::Error::Error	SCCORE.DLL::ScCore::Error
EXTERNAL:000000a1	Error	SCCORE.DLL::ScCore::Error::Error	SCCORE.DLL::ScCore::Error
EXTERNAL:000000a2	operator=	SCCORE.DLL::ScCore::Error::operator=	SCCORE.DLL::ScCore::Error
EXTERNAL:000000a3	~Error	SCCORE.DLL::ScCore::Error::~Error	SCCORE.DLL::ScCore::Error
EXTERNAL:000000a4	push	SCCORE.DLL::ScCore::Error::push	SCCORE.DLL::ScCore::Error
EXTERNAL:000000a5	push	SCCORE.DLL::ScCore::Error::push	SCCORE.DLL::ScCore::Error
EXTERNAL:000000a6	getFullText	SCCORE.DLL::ScCore::Error::getFullText	SCCORE.DLL::ScCore::Error
EXTERNAL:000000a7	getSystem	SCCORE.DLL::ScCore::Encoder::getSystem	SCCORE.DLL::ScCore::Encoder
EXTERNAL:000000a8	watol	SCCORE.DLL::ScCore::UnicodeUtils::watol	SCCORE.DLL::ScCore::UnicodeUtils
EXTERNAL:000000a9	FileSpec	SCCORE.DLL::ScCore::FileSpec::FileSpec	SCCORE.DLL::ScCore::FileSpec
EXTERNAL:000000aa	~FileSpec	SCCORE.DLL::ScCore::FileSpec::~FileSpec	SCCORE.DLL::ScCore::FileSpec
EXTERNAL:000000ab	File	SCCORE.DLL::ScCore::File::File	SCCORE.DLL::ScCore::File
EXTERNAL:000000ac	~File	SCCORE.DLL::ScCore::File::~File	SCCORE.DLL::ScCore::File
EXTERNAL:000000ad	getEncoding	SCCORE.DLL::ScCore::File::getEncoding	SCCORE.DLL::ScCore::File
EXTERNAL:000000ae	setEncoding	SCCORE.DLL::ScCore::File::setEncoding	SCCORE.DLL::ScCore::File
EXTERNAL:000000af	open	SCCORE.DLL::ScCore::File::open	SCCORE.DLL::ScCore::File
EXTERNAL:000000b0	read	SCCORE.DLL::ScCore::File::read	SCCORE.DLL::ScCore::File
EXTERNAL:000000b1	seek	SCCORE.DLL::ScCore::File::seek	SCCORE.DLL::ScCore::File
EXTERNAL:000000b2	setDefaultNamespaceURI	SCCORE.DLL::ScCore::XML::setDefaultNamespaceURI	SCCORE.DLL::ScCore::XML
EXTERNAL:000000b3	XML	SCCORE.DLL::ScCore::XML::XML	SCCORE.DLL::ScCore::XML
EXTERNAL:000000b4	XML	SCCORE.DLL::ScCore::XML::XML	SCCORE.DLL::ScCore::XML
EXTERNAL:000000b5	XML	SCCORE.DLL::ScCore::XML::XML	SCCORE.DLL::ScCore::XML
EXTERNAL:000000b6	setName	SCCORE.DLL::ScCore::XML::setName	SCCORE.DLL::ScCore::XML
EXTERNAL:000000b7	length	SCCORE.DLL::ScCore::XML::length	SCCORE.DLL::ScCore::XML
EXTERNAL:000000b8	getChild	SCCORE.DLL::ScCore::XML::getChild	SCCORE.DLL::ScCore::XML
EXTERNAL:000000b9	isEqual	SCCORE.DLL::ScCore::XML::isEqual	SCCORE.DLL::ScCore::XML
EXTERNAL:000000ba	indexOf	SCCORE.DLL::ScCore::XML::indexOf	SCCORE.DLL::ScCore::XML
EXTERNAL:000000bb	get_r	SCCORE.DLL::ScCore::XML::get_r	SCCORE.DLL::ScCore::XML
EXTERNAL:000000bc	get_r	SCCORE.DLL::ScCore::XML::get_r	SCCORE.DLL::ScCore::XML
EXTERNAL:000000bd	getBool	SCCORE.DLL::ScCore::XML::getBool	SCCORE.DLL::ScCore::XML
EXTERNAL:000000be	getInteger	SCCORE.DLL::ScCore::XML::getInteger	SCCORE.DLL::ScCore::XML
EXTERNAL:000000bf	getText	SCCORE.DLL::ScCore::XML::getText	SCCORE.DLL::ScCore::XML
EXTERNAL:000000c0	put	SCCORE.DLL::ScCore::XML::put	SCCORE.DLL::ScCore::XML
EXTERNAL:000000c1	add	SCCORE.DLL::ScCore::XML::add	SCCORE.DLL::ScCore::XML
EXTERNAL:000000c2	add	SCCORE.DLL::ScCore::XML::add	SCCORE.DLL::ScCore::XML
EXTERNAL:000000c3	insert	SCCORE.DLL::ScCore::XML::insert	SCCORE.DLL::ScCore::XML
EXTERNAL:000000c4	insertChild	SCCORE.DLL::ScCore::XML::insertChild	SCCORE.DLL::ScCore::XML
EXTERNAL:000000c5	toString	SCCORE.DLL::ScCore::XML::toString	SCCORE.DLL::ScCore::XML
EXTERNAL:000000c6	toXMLString	SCCORE.DLL::ScCore::XML::toXMLString	SCCORE.DLL::ScCore::XML
EXTERNAL:000000c7	erase	SCCORE.DLL::ScCore::Error::erase	SCCORE.DLL::ScCore::Error
EXTERNAL:000000c8	getAs	SCCORE.DLL::ScCore::LiveBase::getAs	SCCORE.DLL::ScCore::LiveBase
EXTERNAL:000000c9	getAs	SCCORE.DLL::ScCore::LiveBase::getAs	SCCORE.DLL::ScCore::LiveBase
EXTERNAL:000000ca	invalidate	SCCORE.DLL::ScCore::LiveBase::invalidate	SCCORE.DLL::ScCore::LiveBase
EXTERNAL:000000cb	revalidate	SCCORE.DLL::ScCore::LiveBase::revalidate	SCCORE.DLL::ScCore::LiveBase
EXTERNAL:000000cc	getErrorText	SCCORE.DLL::ScCore::LiveBase::getErrorText	SCCORE.DLL::ScCore::LiveBase
EXTERNAL:000000cd	getErrorText	SCCORE.DLL::ScCore::LiveBase::getErrorText	SCCORE.DLL::ScCore::LiveBase
EXTERNAL:000000ce	setError	SCCORE.DLL::ScCore::LiveBase::setError	SCCORE.DLL::ScCore::LiveBase
EXTERNAL:000000cf	getBool	SCCORE.DLL::ScCore::Variant::getBool	SCCORE.DLL::ScCore::Variant
EXTERNAL:000000d0	toString	SCCORE.DLL::ScCore::Variant::toString	SCCORE.DLL::ScCore::Variant
EXTERNAL:000000d1	operator[]	SCCORE.DLL::ScCore::BasicArray::operator[]	SCCORE.DLL::ScCore::BasicArray
EXTERNAL:000000d2	alert	SCCORE.DLL::ScCore::Dialogs::alert	SCCORE.DLL::ScCore::Dialogs
EXTERNAL:000000d3	alert	SCCORE.DLL::ScCore::Dialogs::alert	SCCORE.DLL::ScCore::Dialogs
EXTERNAL:000000d4	confirm	SCCORE.DLL::ScCore::Dialogs::confirm	SCCORE.DLL::ScCore::Dialogs
EXTERNAL:000000d5	confirm	SCCORE.DLL::ScCore::Dialogs::confirm	SCCORE.DLL::ScCore::Dialogs
EXTERNAL:000000d6	prompt	SCCORE.DLL::ScCore::Dialogs::prompt	SCCORE.DLL::ScCore::Dialogs
EXTERNAL:000000d7	LivePropertyManager	SCCORE.DLL::ScCore::LivePropertyManager::LivePropertyManager	SCCORE.DLL::ScCore::LivePropertyManager
EXTERNAL:000000d8	LiveComponent	SCCORE.DLL::ScCore::LiveComponent::LiveComponent	SCCORE.DLL::ScCore::LiveComponent
EXTERNAL:000000d9	reset	SCCORE.DLL::ScCore::LiveComponent::reset	SCCORE.DLL::ScCore::LiveComponent
EXTERNAL:000000da	getIDForName	SCCORE.DLL::ScCore::LiveComponent::getIDForName	SCCORE.DLL::ScCore::LiveComponent
EXTERNAL:000000db	getNameForID	SCCORE.DLL::ScCore::LiveComponent::getNameForID	SCCORE.DLL::ScCore::LiveComponent
EXTERNAL:000000dc	getType	SCCORE.DLL::ScCore::LiveComponent::getType	SCCORE.DLL::ScCore::LiveComponent
EXTERNAL:000000dd	hasOperators	SCCORE.DLL::ScCore::LiveComponent::hasOperators	SCCORE.DLL::ScCore::LiveComponent
EXTERNAL:000000de	enumerate	SCCORE.DLL::ScCore::LiveComponent::enumerate	SCCORE.DLL::ScCore::LiveComponent
EXTERNAL:000000df	getServiceInfo	SCCORE.DLL::ScCore::LiveComponent::getServiceInfo	SCCORE.DLL::ScCore::LiveComponent
EXTERNAL:000000e0	get	SCCORE.DLL::ScCore::LiveComponent::get	SCCORE.DLL::ScCore::LiveComponent
EXTERNAL:000000e1	put	SCCORE.DLL::ScCore::LiveComponent::put	SCCORE.DLL::ScCore::LiveComponent
EXTERNAL:000000e2	isGeneric	SCCORE.DLL::ScCore::LiveComponent::isGeneric	SCCORE.DLL::ScCore::LiveComponent
EXTERNAL:000000e3	isIndexable	SCCORE.DLL::ScCore::LiveComponent::isIndexable	SCCORE.DLL::ScCore::LiveComponent
EXTERNAL:000000e4	getLength	SCCORE.DLL::ScCore::LiveComponent::getLength	SCCORE.DLL::ScCore::LiveComponent
EXTERNAL:000000e5	putLength	SCCORE.DLL::ScCore::LiveComponent::putLength	SCCORE.DLL::ScCore::LiveComponent
EXTERNAL:000000e6	getByIndex	SCCORE.DLL::ScCore::LiveComponent::getByIndex	SCCORE.DLL::ScCore::LiveComponent
EXTERNAL:000000e7	putByIndex	SCCORE.DLL::ScCore::LiveComponent::putByIndex	SCCORE.DLL::ScCore::LiveComponent
EXTERNAL:000000e8	deleteByIndex	SCCORE.DLL::ScCore::LiveComponent::deleteByIndex	SCCORE.DLL::ScCore::LiveComponent
EXTERNAL:000000e9	operator+=	SCCORE.DLL::ScCore::String::operator+=	SCCORE.DLL::ScCore::String
EXTERNAL:000000ea	findKey	SCCORE.DLL::ScCore::SparseArray::findKey	SCCORE.DLL::ScCore::SparseArray
EXTERNAL:000000eb	String	SCCORE.DLL::ScCore::String::String	SCCORE.DLL::ScCore::String
EXTERNAL:000000ec	operator=	SCCORE.DLL::ScCore::String::operator=	SCCORE.DLL::ScCore::String
EXTERNAL:000000ed	parse	SCCORE.DLL::ScCore::TypeInfo::parse	SCCORE.DLL::ScCore::TypeInfo
EXTERNAL:000000ee	Variant	SCCORE.DLL::ScCore::Variant::Variant	SCCORE.DLL::ScCore::Variant
EXTERNAL:000000ef	Variant	SCCORE.DLL::ScCore::Variant::Variant	SCCORE.DLL::ScCore::Variant
EXTERNAL:000000f0	setIncrement	SCCORE.DLL::ScCore::SimpleArray::setIncrement	SCCORE.DLL::ScCore::SimpleArray
EXTERNAL:000000f1	operator=	SCCORE.DLL::ScCore::String::operator=	SCCORE.DLL::ScCore::String
EXTERNAL:000000f2	scanDouble	SCCORE.DLL::ScCore::Variant::scanDouble	SCCORE.DLL::ScCore::Variant
EXTERNAL:000000f3	Variant	SCCORE.DLL::ScCore::Variant::Variant	SCCORE.DLL::ScCore::Variant
EXTERNAL:000000f4	setNull	SCCORE.DLL::ScCore::Variant::setNull	SCCORE.DLL::ScCore::Variant
EXTERNAL:000000f5	convert	SCCORE.DLL::ScCore::Variant::convert	SCCORE.DLL::ScCore::Variant
EXTERNAL:000000f6	strcmp16	SCCORE.DLL::strcmp16	SCCORE.DLL
EXTERNAL:000000f7	strlen16	SCCORE.DLL::strlen16	SCCORE.DLL
EXTERNAL:000000f8	getCacheSize	SCCORE.DLL::ScCore::Heap::getCacheSize	SCCORE.DLL::ScCore::Heap
EXTERNAL:000000f9	setCacheSize	SCCORE.DLL::ScCore::Heap::setCacheSize	SCCORE.DLL::ScCore::Heap
EXTERNAL:000000fa	String	SCCORE.DLL::ScCore::String::String	SCCORE.DLL::ScCore::String
EXTERNAL:000000fb	decode	SCCORE.DLL::ScCore::String::decode	SCCORE.DLL::ScCore::String
EXTERNAL:000000fc	ncmp	SCCORE.DLL::ScCore::String::ncmp	SCCORE.DLL::ScCore::String
EXTERNAL:000000fd	convertLF	SCCORE.DLL::ScCore::String::convertLF	SCCORE.DLL::ScCore::String
EXTERNAL:000000fe	setObject	SCCORE.DLL::ScCore::Variant::setObject	SCCORE.DLL::ScCore::Variant
EXTERNAL:000000ff	getRect	SCCORE.DLL::ScCore::Variant::getRect	SCCORE.DLL::ScCore::Variant
EXTERNAL:00000100	alert	SCCORE.DLL::ScCore::Dialogs::alert	SCCORE.DLL::ScCore::Dialogs
EXTERNAL:00000101	colorPicker	SCCORE.DLL::ScCore::Dialogs::colorPicker	SCCORE.DLL::ScCore::Dialogs
EXTERNAL:00000102	get	SCCORE.DLL::ScCore::Dictionary::get	SCCORE.DLL::ScCore::Dictionary
EXTERNAL:00000103	get	SCCORE.DLL::ScCore::Encoder::get	SCCORE.DLL::ScCore::Encoder
EXTERNAL:00000104	getDefault	SCCORE.DLL::ScCore::Encoder::getDefault	SCCORE.DLL::ScCore::Encoder
EXTERNAL:00000105	setDefault	SCCORE.DLL::ScCore::Encoder::setDefault	SCCORE.DLL::ScCore::Encoder
EXTERNAL:00000106	getLocale	SCCORE.DLL::ScCore::Localizer::getLocale	SCCORE.DLL::ScCore::Localizer
EXTERNAL:00000107	RegExp	SCCORE.DLL::ScCore::RegExp::RegExp	SCCORE.DLL::ScCore::RegExp
EXTERNAL:00000108	~RegExp	SCCORE.DLL::ScCore::RegExp::~RegExp	SCCORE.DLL::ScCore::RegExp
EXTERNAL:00000109	match	SCCORE.DLL::ScCore::RegExp::match	SCCORE.DLL::ScCore::RegExp
EXTERNAL:0000010a	createCaptureList	SCCORE.DLL::ScCore::RegExp::createCaptureList	SCCORE.DLL::ScCore::RegExp
EXTERNAL:0000010b	changePath	SCCORE.DLL::ScCore::FileSpec::changePath	SCCORE.DLL::ScCore::FileSpec
EXTERNAL:0000010c	getAbsoluteURI	SCCORE.DLL::ScCore::FileSpec::getAbsoluteURI	SCCORE.DLL::ScCore::FileSpec
EXTERNAL:0000010d	getPath	SCCORE.DLL::ScCore::FileSpec::getPath	SCCORE.DLL::ScCore::FileSpec
EXTERNAL:0000010e	close	SCCORE.DLL::ScCore::File::close	SCCORE.DLL::ScCore::File
EXTERNAL:0000010f	sleep	SCCORE.DLL::ScCore::Thread::sleep	SCCORE.DLL::ScCore::Thread
EXTERNAL:00000110	getHiResTimer	SCCORE.DLL::ScCore::Thread::getHiResTimer	SCCORE.DLL::ScCore::Thread
EXTERNAL:00000111	indexOf	SCCORE.DLL::ScCore::SimpleArray::indexOf	SCCORE.DLL::ScCore::SimpleArray
EXTERNAL:00000112	removeAt	SCCORE.DLL::ScCore::SimpleArray::removeAt	SCCORE.DLL::ScCore::SimpleArray
EXTERNAL:00000113	SparseArray	SCCORE.DLL::ScCore::SparseArray::SparseArray	SCCORE.DLL::ScCore::SparseArray
EXTERNAL:00000114	~SparseArray	SCCORE.DLL::ScCore::SparseArray::~SparseArray	SCCORE.DLL::ScCore::SparseArray
EXTERNAL:00000115	set	SCCORE.DLL::ScCore::SparseArray::set	SCCORE.DLL::ScCore::SparseArray
EXTERNAL:00000116	getObjectData	SCCORE.DLL::ScCore::Variant::getObjectData	SCCORE.DLL::ScCore::Variant
EXTERNAL:00000117	~Dictionary	SCCORE.DLL::ScCore::Dictionary::~Dictionary	SCCORE.DLL::ScCore::Dictionary
EXTERNAL:00000118	addTable	SCCORE.DLL::ScCore::Dictionary::addTable	SCCORE.DLL::ScCore::Dictionary
EXTERNAL:00000119	addTables	SCCORE.DLL::ScCore::Dictionary::addTables	SCCORE.DLL::ScCore::Dictionary
EXTERNAL:0000011a	getDateTimeStampAsISO	SCCORE.DLL::ScCore::Dictionary::getDateTimeStampAsISO	SCCORE.DLL::ScCore::Dictionary
EXTERNAL:0000011b	getAscii	SCCORE.DLL::ScCore::Encoder::getAscii	SCCORE.DLL::ScCore::Encoder
EXTERNAL:0000011c	getUTCTime	SCCORE.DLL::ScCore::Time::getUTCTime	SCCORE.DLL::ScCore::Time
EXTERNAL:0000011d	get	SCCORE.DLL::ScCore::Context::get	SCCORE.DLL::ScCore::Context
EXTERNAL:0000011e	BasicArray	SCCORE.DLL::ScCore::BasicArray::BasicArray	SCCORE.DLL::ScCore::BasicArray
EXTERNAL:0000011f	~BasicArray	SCCORE.DLL::ScCore::BasicArray::~BasicArray	SCCORE.DLL::ScCore::BasicArray
EXTERNAL:00000120	operator=	SCCORE.DLL::ScCore::SimpleArray::operator=	SCCORE.DLL::ScCore::SimpleArray
EXTERNAL:00000121	Broadcaster	SCCORE.DLL::ScCore::Broadcaster::Broadcaster	SCCORE.DLL::ScCore::Broadcaster
EXTERNAL:00000122	~Broadcaster	SCCORE.DLL::ScCore::Broadcaster::~Broadcaster	SCCORE.DLL::ScCore::Broadcaster
EXTERNAL:00000123	setMoreInfo	SCCORE.DLL::ScCore::Error::setMoreInfo	SCCORE.DLL::ScCore::Error
EXTERNAL:00000124	get	SCCORE.DLL::ScCore::Localizer::get	SCCORE.DLL::ScCore::Localizer
EXTERNAL:00000125	set	SCCORE.DLL::ScCore::Localizer::set	SCCORE.DLL::ScCore::Localizer
EXTERNAL:00000126	getVersion	SCCORE.DLL::ScCore::getVersion	SCCORE.DLL::ScCore
EXTERNAL:00000127	isInitialized	SCCORE.DLL::ScCore::InitTerm::isInitialized	SCCORE.DLL::ScCore::InitTerm
EXTERNAL:00000128	get	SCCORE.DLL::ScCore::Globals::get	SCCORE.DLL::ScCore::Globals
EXTERNAL:00000129	set	SCCORE.DLL::ScCore::Callbacks::set	SCCORE.DLL::ScCore::Callbacks
EXTERNAL:0000012a	create	SCCORE.DLL::ScCore::LiveObject::create	SCCORE.DLL::ScCore::LiveObject
EXTERNAL:0000012b	merge	SCCORE.DLL::ScCore::SimpleArray::merge	SCCORE.DLL::ScCore::SimpleArray
EXTERNAL:0000012c	~String	SCCORE.DLL::ScCore::String::~String	SCCORE.DLL::ScCore::String
EXTERNAL:0000012d	forEach	SCCORE.DLL::ScCore::SparseArray::forEach	SCCORE.DLL::ScCore::SparseArray
EXTERNAL:0000012e	HashTable	SCCORE.DLL::ScCore::HashTable::HashTable	SCCORE.DLL::ScCore::HashTable
EXTERNAL:0000012f	forEach	SCCORE.DLL::ScCore::HashTable::forEach	SCCORE.DLL::ScCore::HashTable
EXTERNAL:00000130	addListener	SCCORE.DLL::ScCore::Broadcaster::addListener	SCCORE.DLL::ScCore::Broadcaster
EXTERNAL:00000131	removeListener	SCCORE.DLL::ScCore::Broadcaster::removeListener	SCCORE.DLL::ScCore::Broadcaster
EXTERNAL:00000132	getFactory	SCCORE.DLL::ScCore::LiveObject::getFactory	SCCORE.DLL::ScCore::LiveObject
EXTERNAL:00000133	setAutostore	SCCORE.DLL::ScCore::LiveObject::setAutostore	SCCORE.DLL::ScCore::LiveObject
EXTERNAL:00000134	isErrorClass	SCCORE.DLL::ScCore::Error::isErrorClass	SCCORE.DLL::ScCore::Error
EXTERNAL:00000135	decodeURI	SCCORE.DLL::ScCore::String::decodeURI	SCCORE.DLL::ScCore::String
EXTERNAL:00000136	append	SCCORE.DLL::ScCore::String::append	SCCORE.DLL::ScCore::String
EXTERNAL:00000137	findAny	SCCORE.DLL::ScCore::String::findAny	SCCORE.DLL::ScCore::String
EXTERNAL:00000138	strip	SCCORE.DLL::ScCore::String::strip	SCCORE.DLL::ScCore::String
EXTERNAL:00000139	parse	SCCORE.DLL::ScCore::String::parse	SCCORE.DLL::ScCore::String
EXTERNAL:0000013a	erase	SCCORE.DLL::ScCore::HashTable::erase	SCCORE.DLL::ScCore::HashTable
EXTERNAL:0000013b	isWS	SCCORE.DLL::ScCore::UnicodeUtils::isWS	SCCORE.DLL::ScCore::UnicodeUtils
EXTERNAL:0000013c	operator=	SCCORE.DLL::ScCore::FileSpec::operator=	SCCORE.DLL::ScCore::FileSpec
EXTERNAL:0000013d	setPath	SCCORE.DLL::ScCore::FileSpec::setPath	SCCORE.DLL::ScCore::FileSpec
EXTERNAL:0000013e	getCurrentDir	SCCORE.DLL::ScCore::FileUtils::getCurrentDir	SCCORE.DLL::ScCore::FileUtils
EXTERNAL:0000013f	hasUnassignedObjectData	SCCORE.DLL::ScCore::Variant::hasUnassignedObjectData	SCCORE.DLL::ScCore::Variant
EXTERNAL:00000140	get	SCCORE.DLL::ScCore::Allocator::get	SCCORE.DLL::ScCore::Allocator
EXTERNAL:00000141	operator=	SCCORE.DLL::ScCore::SparseArray::operator=	SCCORE.DLL::ScCore::SparseArray
EXTERNAL:00000142	erase	SCCORE.DLL::ScCore::SparseArray::erase	SCCORE.DLL::ScCore::SparseArray
EXTERNAL:00000143	getData	SCCORE.DLL::ScCore::SparseArray::getData	SCCORE.DLL::ScCore::SparseArray
EXTERNAL:00000144	getPoint	SCCORE.DLL::ScCore::Variant::getPoint	SCCORE.DLL::ScCore::Variant
EXTERNAL:00000145	getFileSpec	SCCORE.DLL::ScCore::Variant::getFileSpec	SCCORE.DLL::ScCore::Variant
EXTERNAL:00000146	getArray	SCCORE.DLL::ScCore::Variant::getArray	SCCORE.DLL::ScCore::Variant
EXTERNAL:00000147	setObjectData	SCCORE.DLL::ScCore::Variant::setObjectData	SCCORE.DLL::ScCore::Variant
EXTERNAL:00000148	Array	SCCORE.DLL::ScCore::Array::Array	SCCORE.DLL::ScCore::Array
EXTERNAL:00000149	Array	SCCORE.DLL::ScCore::Array::Array	SCCORE.DLL::ScCore::Array
EXTERNAL:0000014a	operator=	SCCORE.DLL::ScCore::Array::operator=	SCCORE.DLL::ScCore::Array
EXTERNAL:0000014b	get	SCCORE.DLL::ScCore::Array::get	SCCORE.DLL::ScCore::Array
EXTERNAL:0000014c	broadcast	SCCORE.DLL::ScCore::Broadcaster::broadcast	SCCORE.DLL::ScCore::Broadcaster
EXTERNAL:0000014d	getErrorDefinition	SCCORE.DLL::ScCore::Error::getErrorDefinition	SCCORE.DLL::ScCore::Error
EXTERNAL:0000014e	getTicks	SCCORE.DLL::ScCore::Time::getTicks	SCCORE.DLL::ScCore::Time
EXTERNAL:0000014f	getHiResTimer	SCCORE.DLL::ScCore::Time::getHiResTimer	SCCORE.DLL::ScCore::Time
EXTERNAL:00000150	FileWrapper	SCCORE.DLL::ScCore::FileWrapper::FileWrapper	SCCORE.DLL::ScCore::FileWrapper
EXTERNAL:00000151	Variant	SCCORE.DLL::ScCore::Variant::Variant	SCCORE.DLL::ScCore::Variant
EXTERNAL:00000152	Callbacks	SCCORE.DLL::ScCore::Callbacks::Callbacks	SCCORE.DLL::ScCore::Callbacks
EXTERNAL:00000153	setup	SCCORE.DLL::ScCore::String::setup	SCCORE.DLL::ScCore::String
EXTERNAL:00000154	localize	SCCORE.DLL::ScCore::String::localize	SCCORE.DLL::ScCore::String
EXTERNAL:00000155	push	SCCORE.DLL::ScCore::Error::push	SCCORE.DLL::ScCore::Error
EXTERNAL:00000156	FileFilter	SCCORE.DLL::ScCore::FileFilter::FileFilter	SCCORE.DLL::ScCore::FileFilter
EXTERNAL:00000157	~FileFilter	SCCORE.DLL::ScCore::FileFilter::~FileFilter	SCCORE.DLL::ScCore::FileFilter
EXTERNAL:00000158	test	SCCORE.DLL::ScCore::FileFilter::test	SCCORE.DLL::ScCore::FileFilter
EXTERNAL:00000159	FileSpec	SCCORE.DLL::ScCore::FileSpec::FileSpec	SCCORE.DLL::ScCore::FileSpec
EXTERNAL:0000015a	getExtension	SCCORE.DLL::ScCore::FileSpec::getExtension	SCCORE.DLL::ScCore::FileSpec
EXTERNAL:0000015b	getSpecialDir	SCCORE.DLL::ScCore::FileUtils::getSpecialDir	SCCORE.DLL::ScCore::FileUtils
EXTERNAL:0000015c	setCurrentDir	SCCORE.DLL::ScCore::FileUtils::setCurrentDir	SCCORE.DLL::ScCore::FileUtils
EXTERNAL:0000015d	write	SCCORE.DLL::ScCore::File::write	SCCORE.DLL::ScCore::File
EXTERNAL:0000015e	tell	SCCORE.DLL::ScCore::File::tell	SCCORE.DLL::ScCore::File
EXTERNAL:0000015f	Folder	SCCORE.DLL::ScCore::Folder::Folder	SCCORE.DLL::ScCore::Folder
EXTERNAL:00000160	~Folder	SCCORE.DLL::ScCore::Folder::~Folder	SCCORE.DLL::ScCore::Folder
EXTERNAL:00000161	create	SCCORE.DLL::ScCore::Folder::create	SCCORE.DLL::ScCore::Folder
EXTERNAL:00000162	iterate	SCCORE.DLL::ScCore::Folder::iterate	SCCORE.DLL::ScCore::Folder
EXTERNAL:00000163	getKeys	SCCORE.DLL::ScCore::SparseArray::getKeys	SCCORE.DLL::ScCore::SparseArray
EXTERNAL:00000164	operator=	SCCORE.DLL::ScCore::String::operator=	SCCORE.DLL::ScCore::String
EXTERNAL:00000165	escape	SCCORE.DLL::ScCore::String::escape	SCCORE.DLL::ScCore::String
EXTERNAL:00000166	insert	SCCORE.DLL::ScCore::String::insert	SCCORE.DLL::ScCore::String
EXTERNAL:00000167	insert	SCCORE.DLL::ScCore::String::insert	SCCORE.DLL::ScCore::String
EXTERNAL:00000168	find	SCCORE.DLL::ScCore::String::find	SCCORE.DLL::ScCore::String
EXTERNAL:00000169	set	SCCORE.DLL::ScCore::String::set	SCCORE.DLL::ScCore::String
EXTERNAL:0000016a	~LiveObject	SCCORE.DLL::ScCore::LiveObject::~LiveObject	SCCORE.DLL::ScCore::LiveObject
EXTERNAL:0000016b	createProperty	SCCORE.DLL::ScCore::LiveObject::createProperty	SCCORE.DLL::ScCore::LiveObject
EXTERNAL:0000016c	addFactory	SCCORE.DLL::ScCore::LiveObject::addFactory	SCCORE.DLL::ScCore::LiveObject
EXTERNAL:0000016d	removeFactory	SCCORE.DLL::ScCore::LiveObject::removeFactory	SCCORE.DLL::ScCore::LiveObject
EXTERNAL:0000016e	createLocal	SCCORE.DLL::ScCore::LiveObject::createLocal	SCCORE.DLL::ScCore::LiveObject
EXTERNAL:0000016f	clone	SCCORE.DLL::ScCore::LiveObject::clone	SCCORE.DLL::ScCore::LiveObject
EXTERNAL:00000170	initialize	SCCORE.DLL::ScCore::LiveObject::initialize	SCCORE.DLL::ScCore::LiveObject
EXTERNAL:00000171	getClassName	SCCORE.DLL::ScCore::LiveObject::getClassName	SCCORE.DLL::ScCore::LiveObject
EXTERNAL:00000172	getAs	SCCORE.DLL::ScCore::LiveObject::getAs	SCCORE.DLL::ScCore::LiveObject
EXTERNAL:00000173	getAs	SCCORE.DLL::ScCore::LiveObject::getAs	SCCORE.DLL::ScCore::LiveObject
EXTERNAL:00000174	operator==	SCCORE.DLL::ScCore::LiveObject::operator==	SCCORE.DLL::ScCore::LiveObject
EXTERNAL:00000175	setData	SCCORE.DLL::ScCore::LiveObject::setData	SCCORE.DLL::ScCore::LiveObject
EXTERNAL:00000176	getData	SCCORE.DLL::ScCore::LiveObject::getData	SCCORE.DLL::ScCore::LiveObject
EXTERNAL:00000177	invalidate	SCCORE.DLL::ScCore::LiveObject::invalidate	SCCORE.DLL::ScCore::LiveObject
EXTERNAL:00000178	revalidate	SCCORE.DLL::ScCore::LiveObject::revalidate	SCCORE.DLL::ScCore::LiveObject
EXTERNAL:00000179	addComponent	SCCORE.DLL::ScCore::LiveObject::addComponent	SCCORE.DLL::ScCore::LiveObject
EXTERNAL:0000017a	removeComponent	SCCORE.DLL::ScCore::LiveObject::removeComponent	SCCORE.DLL::ScCore::LiveObject
EXTERNAL:0000017b	getIDForName	SCCORE.DLL::ScCore::LiveObject::getIDForName	SCCORE.DLL::ScCore::LiveObject
EXTERNAL:0000017c	createIDForName	SCCORE.DLL::ScCore::LiveObject::createIDForName	SCCORE.DLL::ScCore::LiveObject
EXTERNAL:0000017d	defineIDForName	SCCORE.DLL::ScCore::LiveObject::defineIDForName	SCCORE.DLL::ScCore::LiveObject
EXTERNAL:0000017e	getNameForID	SCCORE.DLL::ScCore::LiveObject::getNameForID	SCCORE.DLL::ScCore::LiveObject
EXTERNAL:0000017f	deleteDynamicProperties	SCCORE.DLL::ScCore::LiveObject::deleteDynamicProperties	SCCORE.DLL::ScCore::LiveObject
EXTERNAL:00000180	hasOperators	SCCORE.DLL::ScCore::LiveObject::hasOperators	SCCORE.DLL::ScCore::LiveObject
EXTERNAL:00000181	deleteID	SCCORE.DLL::ScCore::LiveObject::deleteID	SCCORE.DLL::ScCore::LiveObject
EXTERNAL:00000182	reset	SCCORE.DLL::ScCore::LiveObject::reset	SCCORE.DLL::ScCore::LiveObject
EXTERNAL:00000183	enumerate	SCCORE.DLL::ScCore::LiveObject::enumerate	SCCORE.DLL::ScCore::LiveObject
EXTERNAL:00000184	getType	SCCORE.DLL::ScCore::LiveObject::getType	SCCORE.DLL::ScCore::LiveObject
EXTERNAL:00000185	getClassInfo	SCCORE.DLL::ScCore::LiveObject::getClassInfo	SCCORE.DLL::ScCore::LiveObject
EXTERNAL:00000186	get	SCCORE.DLL::ScCore::LiveObject::get	SCCORE.DLL::ScCore::LiveObject
EXTERNAL:00000187	put	SCCORE.DLL::ScCore::LiveObject::put	SCCORE.DLL::ScCore::LiveObject
EXTERNAL:00000188	call	SCCORE.DLL::ScCore::LiveObject::call	SCCORE.DLL::ScCore::LiveObject
EXTERNAL:00000189	apply	SCCORE.DLL::ScCore::LiveObject::apply	SCCORE.DLL::ScCore::LiveObject
EXTERNAL:0000018a	valueOf	SCCORE.DLL::ScCore::LiveObject::valueOf	SCCORE.DLL::ScCore::LiveObject
EXTERNAL:0000018b	notify	SCCORE.DLL::ScCore::LiveObject::notify	SCCORE.DLL::ScCore::LiveObject
EXTERNAL:0000018c	~LiveCollection	SCCORE.DLL::ScCore::LiveCollection::~LiveCollection	SCCORE.DLL::ScCore::LiveCollection
EXTERNAL:0000018d	getAs	SCCORE.DLL::ScCore::LiveCollection::getAs	SCCORE.DLL::ScCore::LiveCollection
EXTERNAL:0000018e	getAs	SCCORE.DLL::ScCore::LiveCollection::getAs	SCCORE.DLL::ScCore::LiveCollection
EXTERNAL:0000018f	getClassName	SCCORE.DLL::ScCore::LiveCollection::getClassName	SCCORE.DLL::ScCore::LiveCollection
EXTERNAL:00000190	getIDForName	SCCORE.DLL::ScCore::LiveCollection::getIDForName	SCCORE.DLL::ScCore::LiveCollection
EXTERNAL:00000191	getNameForID	SCCORE.DLL::ScCore::LiveCollection::getNameForID	SCCORE.DLL::ScCore::LiveCollection
EXTERNAL:00000192	getType	SCCORE.DLL::ScCore::LiveCollection::getType	SCCORE.DLL::ScCore::LiveCollection
EXTERNAL:00000193	enumerate	SCCORE.DLL::ScCore::LiveCollection::enumerate	SCCORE.DLL::ScCore::LiveCollection
EXTERNAL:00000194	putLength	SCCORE.DLL::ScCore::LiveCollection::putLength	SCCORE.DLL::ScCore::LiveCollection
EXTERNAL:00000195	setCurrentNamespace_r	SCCORE.DLL::ScCore::XML::setCurrentNamespace_r	SCCORE.DLL::ScCore::XML
EXTERNAL:00000196	checkSymbolSyntax	SCCORE.DLL::ScCore::XML::checkSymbolSyntax	SCCORE.DLL::ScCore::XML
EXTERNAL:00000197	parse	SCCORE.DLL::ScCore::XML::parse	SCCORE.DLL::ScCore::XML
EXTERNAL:00000198	getTypeAsString	SCCORE.DLL::ScCore::XML::getTypeAsString	SCCORE.DLL::ScCore::XML
EXTERNAL:00000199	asElementNode	SCCORE.DLL::ScCore::XML::asElementNode	SCCORE.DLL::ScCore::XML
EXTERNAL:0000019a	setNamespace	SCCORE.DLL::ScCore::XML::setNamespace	SCCORE.DLL::ScCore::XML
EXTERNAL:0000019b	setValue	SCCORE.DLL::ScCore::XML::setValue	SCCORE.DLL::ScCore::XML
EXTERNAL:0000019c	isSimple	SCCORE.DLL::ScCore::XML::isSimple	SCCORE.DLL::ScCore::XML
EXTERNAL:0000019d	contains	SCCORE.DLL::ScCore::XML::contains	SCCORE.DLL::ScCore::XML
EXTERNAL:0000019e	remove	SCCORE.DLL::ScCore::XML::remove	SCCORE.DLL::ScCore::XML
EXTERNAL:0000019f	remove	SCCORE.DLL::ScCore::XML::remove	SCCORE.DLL::ScCore::XML
EXTERNAL:000001a0	indexOf	SCCORE.DLL::ScCore::XML::indexOf	SCCORE.DLL::ScCore::XML
EXTERNAL:000001a1	getNS	SCCORE.DLL::ScCore::XML::getNS	SCCORE.DLL::ScCore::XML
EXTERNAL:000001a2	removeNS	SCCORE.DLL::ScCore::XML::removeNS	SCCORE.DLL::ScCore::XML
EXTERNAL:000001a3	put	SCCORE.DLL::ScCore::XML::put	SCCORE.DLL::ScCore::XML
EXTERNAL:000001a4	add	SCCORE.DLL::ScCore::XML::add	SCCORE.DLL::ScCore::XML
EXTERNAL:000001a5	descendants_r	SCCORE.DLL::ScCore::XML::descendants_r	SCCORE.DLL::ScCore::XML
EXTERNAL:000001a6	namespaces_r	SCCORE.DLL::ScCore::XML::namespaces_r	SCCORE.DLL::ScCore::XML
EXTERNAL:000001a7	remove	SCCORE.DLL::ScCore::XML::remove	SCCORE.DLL::ScCore::XML
EXTERNAL:000001a8	xpath_r	SCCORE.DLL::ScCore::XML::xpath_r	SCCORE.DLL::ScCore::XML
EXTERNAL:000001a9	copy_r	SCCORE.DLL::ScCore::XML::copy_r	SCCORE.DLL::ScCore::XML
EXTERNAL:000001aa	normalize	SCCORE.DLL::ScCore::XML::normalize	SCCORE.DLL::ScCore::XML
EXTERNAL:000001ab	encodeURI	SCCORE.DLL::ScCore::String::encodeURI	SCCORE.DLL::ScCore::String
EXTERNAL:000001ac	ucmp	SCCORE.DLL::ScCore::String::ucmp	SCCORE.DLL::ScCore::String
EXTERNAL:000001ad	toLower	SCCORE.DLL::ScCore::String::toLower	SCCORE.DLL::ScCore::String
EXTERNAL:000001ae	Error	SCCORE.DLL::ScCore::Error::Error	SCCORE.DLL::ScCore::Error
EXTERNAL:000001af	isUIEnabled	SCCORE.DLL::ScCore::InitTerm::isUIEnabled	SCCORE.DLL::ScCore::InitTerm
EXTERNAL:000001b0	getParentSpec	SCCORE.DLL::ScCore::FileSpec::getParentSpec	SCCORE.DLL::ScCore::FileSpec
EXTERNAL:000001b1	chooseFile	SCCORE.DLL::ScCore::FileSpec::chooseFile	SCCORE.DLL::ScCore::FileSpec
EXTERNAL:000001b2	chooseSaveFile	SCCORE.DLL::ScCore::FileSpec::chooseSaveFile	SCCORE.DLL::ScCore::FileSpec
EXTERNAL:000001b3	chooseFolder	SCCORE.DLL::ScCore::FileSpec::chooseFolder	SCCORE.DLL::ScCore::FileSpec
EXTERNAL:000001b4	getFileSystem	SCCORE.DLL::ScCore::FileUtils::getFileSystem	SCCORE.DLL::ScCore::FileUtils
EXTERNAL:000001b5	getCurrentDir	SCCORE.DLL::ScCore::FileWrapper::getCurrentDir	SCCORE.DLL::ScCore::FileWrapper
EXTERNAL:000001b6	getSpecialDir	SCCORE.DLL::ScCore::FileWrapper::getSpecialDir	SCCORE.DLL::ScCore::FileWrapper
EXTERNAL:000001b7	FileWrapper	SCCORE.DLL::ScCore::FileWrapper::FileWrapper	SCCORE.DLL::ScCore::FileWrapper
EXTERNAL:000001b8	~FileWrapper	SCCORE.DLL::ScCore::FileWrapper::~FileWrapper	SCCORE.DLL::ScCore::FileWrapper
EXTERNAL:000001b9	getFileSpec	SCCORE.DLL::ScCore::FileWrapper::getFileSpec	SCCORE.DLL::ScCore::FileWrapper
EXTERNAL:000001ba	getError	SCCORE.DLL::ScCore::FileWrapper::getError	SCCORE.DLL::ScCore::FileWrapper
EXTERNAL:000001bb	setError	SCCORE.DLL::ScCore::FileWrapper::setError	SCCORE.DLL::ScCore::FileWrapper
EXTERNAL:000001bc	getCloudDoc	SCCORE.DLL::ScCore::FileWrapper::getCloudDoc	SCCORE.DLL::ScCore::FileWrapper
EXTERNAL:000001bd	setCloudDoc	SCCORE.DLL::ScCore::FileWrapper::setCloudDoc	SCCORE.DLL::ScCore::FileWrapper
EXTERNAL:000001be	getRelativeURI	SCCORE.DLL::ScCore::FileWrapper::getRelativeURI	SCCORE.DLL::ScCore::FileWrapper
EXTERNAL:000001bf	getRelativeURI	SCCORE.DLL::ScCore::FileWrapper::getRelativeURI	SCCORE.DLL::ScCore::FileWrapper
EXTERNAL:000001c0	getAbsoluteURI	SCCORE.DLL::ScCore::FileWrapper::getAbsoluteURI	SCCORE.DLL::ScCore::FileWrapper
EXTERNAL:000001c1	getPath	SCCORE.DLL::ScCore::FileWrapper::getPath	SCCORE.DLL::ScCore::FileWrapper
EXTERNAL:000001c2	getDisplayName	SCCORE.DLL::ScCore::FileWrapper::getDisplayName	SCCORE.DLL::ScCore::FileWrapper
EXTERNAL:000001c3	changePath	SCCORE.DLL::ScCore::FileWrapper::changePath	SCCORE.DLL::ScCore::FileWrapper
EXTERNAL:000001c4	createAlias	SCCORE.DLL::ScCore::FileWrapper::createAlias	SCCORE.DLL::ScCore::FileWrapper
EXTERNAL:000001c5	getAttributes	SCCORE.DLL::ScCore::FileWrapper::getAttributes	SCCORE.DLL::ScCore::FileWrapper
EXTERNAL:000001c6	setAttributes	SCCORE.DLL::ScCore::FileWrapper::setAttributes	SCCORE.DLL::ScCore::FileWrapper
EXTERNAL:000001c7	getFiles	SCCORE.DLL::ScCore::FileWrapper::getFiles	SCCORE.DLL::ScCore::FileWrapper
EXTERNAL:000001c8	makeDir	SCCORE.DLL::ScCore::FileWrapper::makeDir	SCCORE.DLL::ScCore::FileWrapper
EXTERNAL:000001c9	rename	SCCORE.DLL::ScCore::FileWrapper::rename	SCCORE.DLL::ScCore::FileWrapper
EXTERNAL:000001ca	remove	SCCORE.DLL::ScCore::FileWrapper::remove	SCCORE.DLL::ScCore::FileWrapper
EXTERNAL:000001cb	getType	SCCORE.DLL::ScCore::FileWrapper::getType	SCCORE.DLL::ScCore::FileWrapper
EXTERNAL:000001cc	getCreator	SCCORE.DLL::ScCore::FileWrapper::getCreator	SCCORE.DLL::ScCore::FileWrapper
EXTERNAL:000001cd	getLF	SCCORE.DLL::ScCore::FileWrapper::getLF	SCCORE.DLL::ScCore::FileWrapper
EXTERNAL:000001ce	setLF	SCCORE.DLL::ScCore::FileWrapper::setLF	SCCORE.DLL::ScCore::FileWrapper
EXTERNAL:000001cf	getSize	SCCORE.DLL::ScCore::FileWrapper::getSize	SCCORE.DLL::ScCore::FileWrapper
EXTERNAL:000001d0	setSize	SCCORE.DLL::ScCore::FileWrapper::setSize	SCCORE.DLL::ScCore::FileWrapper
EXTERNAL:000001d1	getEncoding	SCCORE.DLL::ScCore::FileWrapper::getEncoding	SCCORE.DLL::ScCore::FileWrapper
EXTERNAL:000001d2	setEncoding	SCCORE.DLL::ScCore::FileWrapper::setEncoding	SCCORE.DLL::ScCore::FileWrapper
EXTERNAL:000001d3	open	SCCORE.DLL::ScCore::FileWrapper::open	SCCORE.DLL::ScCore::FileWrapper
EXTERNAL:000001d4	close	SCCORE.DLL::ScCore::FileWrapper::close	SCCORE.DLL::ScCore::FileWrapper
EXTERNAL:000001d5	read	SCCORE.DLL::ScCore::FileWrapper::read	SCCORE.DLL::ScCore::FileWrapper
EXTERNAL:000001d6	readch	SCCORE.DLL::ScCore::FileWrapper::readch	SCCORE.DLL::ScCore::FileWrapper
EXTERNAL:000001d7	readln	SCCORE.DLL::ScCore::FileWrapper::readln	SCCORE.DLL::ScCore::FileWrapper
EXTERNAL:000001d8	eof	SCCORE.DLL::ScCore::FileWrapper::eof	SCCORE.DLL::ScCore::FileWrapper
EXTERNAL:000001d9	write	SCCORE.DLL::ScCore::FileWrapper::write	SCCORE.DLL::ScCore::FileWrapper
EXTERNAL:000001da	seek	SCCORE.DLL::ScCore::FileWrapper::seek	SCCORE.DLL::ScCore::FileWrapper
EXTERNAL:000001db	tell	SCCORE.DLL::ScCore::FileWrapper::tell	SCCORE.DLL::ScCore::FileWrapper
EXTERNAL:000001dc	copy	SCCORE.DLL::ScCore::FileWrapper::copy	SCCORE.DLL::ScCore::FileWrapper
EXTERNAL:000001dd	execute	SCCORE.DLL::ScCore::FileWrapper::execute	SCCORE.DLL::ScCore::FileWrapper
EXTERNAL:000001de	setNaN	SCCORE.DLL::ScCore::Variant::setNaN	SCCORE.DLL::ScCore::Variant
EXTERNAL:000001df	call	SCCORE.DLL::ScCore::LiveObject::call	SCCORE.DLL::ScCore::LiveObject
EXTERNAL:000001e0	replaceAll	SCCORE.DLL::ScCore::String::replaceAll	SCCORE.DLL::ScCore::String
EXTERNAL:000001e1	isSymbolChar	SCCORE.DLL::ScCore::UnicodeUtils::isSymbolChar	SCCORE.DLL::ScCore::UnicodeUtils
EXTERNAL:000001e2	isSymbolStart	SCCORE.DLL::ScCore::UnicodeUtils::isSymbolStart	SCCORE.DLL::ScCore::UnicodeUtils
EXTERNAL:000001e3	call	SCCORE.DLL::ScCore::LiveObject::call	SCCORE.DLL::ScCore::LiveObject
EXTERNAL:000001e4	getInteger	SCCORE.DLL::ScCore::Variant::getInteger	SCCORE.DLL::ScCore::Variant
EXTERNAL:000001e5	SimpleArray	SCCORE.DLL::ScCore::SimpleArray::SimpleArray	SCCORE.DLL::ScCore::SimpleArray
EXTERNAL:000001e6	replaceAll	SCCORE.DLL::ScCore::String::replaceAll	SCCORE.DLL::ScCore::String
EXTERNAL:000001e7	nucmp	SCCORE.DLL::ScCore::String::nucmp	SCCORE.DLL::ScCore::String
EXTERNAL:000001e8	getZString	SCCORE.DLL::ScCore::Localizer::getZString	SCCORE.DLL::ScCore::Localizer
EXTERNAL:000001e9	isDST	SCCORE.DLL::ScCore::Time::isDST	SCCORE.DLL::ScCore::Time
EXTERNAL:000001ea	getTimeZoneOffset	SCCORE.DLL::ScCore::Time::getTimeZoneOffset	SCCORE.DLL::ScCore::Time
EXTERNAL:000001eb	replaceAll	SCCORE.DLL::ScCore::String::replaceAll	SCCORE.DLL::ScCore::String
EXTERNAL:000001ec	scanInteger	SCCORE.DLL::ScCore::Variant::scanInteger	SCCORE.DLL::ScCore::Variant
EXTERNAL:000001ed	setPosInfinity	SCCORE.DLL::ScCore::Variant::setPosInfinity	SCCORE.DLL::ScCore::Variant
EXTERNAL:000001ee	localize	SCCORE.DLL::ScCore::Localizer::localize	SCCORE.DLL::ScCore::Localizer
EXTERNAL:000001ef	setMinus0	SCCORE.DLL::ScCore::Variant::setMinus0	SCCORE.DLL::ScCore::Variant
EXTERNAL:000001f0	setNegInfinity	SCCORE.DLL::ScCore::Variant::setNegInfinity	SCCORE.DLL::ScCore::Variant
EXTERNAL:000001f1	Variant	SCCORE.DLL::ScCore::Variant::Variant	SCCORE.DLL::ScCore::Variant
EXTERNAL:000001f2	replace	SCCORE.DLL::ScCore::String::replace	SCCORE.DLL::ScCore::String
EXTERNAL:000001f3	getString	SCCORE.DLL::ScCore::Variant::getString	SCCORE.DLL::ScCore::Variant
EXTERNAL:000001f4	isValidObject	SCCORE.DLL::ScCore::Variant::isValidObject	SCCORE.DLL::ScCore::Variant
EXTERNAL:000001f5	toXML	SCCORE.DLL::ScCore::ClassInfo::toXML	SCCORE.DLL::ScCore::ClassInfo
EXTERNAL:000001f6	convertDataTypeToString	SCCORE.DLL::ScCore::TypeInfo::convertDataTypeToString	SCCORE.DLL::ScCore::TypeInfo
EXTERNAL:000001f7	find	SCCORE.DLL::ScCore::String::find	SCCORE.DLL::ScCore::String
EXTERNAL:000001f8	Variant	SCCORE.DLL::ScCore::Variant::Variant	SCCORE.DLL::ScCore::Variant
EXTERNAL:000001f9	getRegExp	SCCORE.DLL::ScCore::Variant::getRegExp	SCCORE.DLL::ScCore::Variant
EXTERNAL:000001fa	getPattern	SCCORE.DLL::ScCore::RegExp::getPattern	SCCORE.DLL::ScCore::RegExp
EXTERNAL:000001fb	getFlags	SCCORE.DLL::ScCore::RegExp::getFlags	SCCORE.DLL::ScCore::RegExp
EXTERNAL:000001fc	good	SCCORE.DLL::ScCore::RegExp::good	SCCORE.DLL::ScCore::RegExp
EXTERNAL:000001fd	getCaptureLength	SCCORE.DLL::ScCore::RegExp::getCaptureLength	SCCORE.DLL::ScCore::RegExp
EXTERNAL:000001fe	getCurrentID	SCCORE.DLL::ScCore::Thread::getCurrentID	SCCORE.DLL::ScCore::Thread
EXTERNAL:000001ff	clear	SCCORE.DLL::ScCore::String::clear	SCCORE.DLL::ScCore::String
EXTERNAL:00000200	isCf	SCCORE.DLL::ScCore::UnicodeUtils::isCf	SCCORE.DLL::ScCore::UnicodeUtils
EXTERNAL:00000201	wcsnicmpmb	SCCORE.DLL::ScCore::UnicodeUtils::wcsnicmpmb	SCCORE.DLL::ScCore::UnicodeUtils
EXTERNAL:00000202	replace	SCCORE.DLL::ScCore::String::replace	SCCORE.DLL::ScCore::String
EXTERNAL:00000203	toUpper	SCCORE.DLL::ScCore::String::toUpper	SCCORE.DLL::ScCore::String
EXTERNAL:00000204	caseConvert	SCCORE.DLL::ScCore::Localizer::caseConvert	SCCORE.DLL::ScCore::Localizer
EXTERNAL:00000205	compare	SCCORE.DLL::ScCore::Localizer::compare	SCCORE.DLL::ScCore::Localizer
EXTERNAL:00000206	getPathSeparator	SCCORE.DLL::ScCore::FileUtils::getPathSeparator	SCCORE.DLL::ScCore::FileUtils
EXTERNAL:00000207	insertAt	SCCORE.DLL::ScCore::Array::insertAt	SCCORE.DLL::ScCore::Array
EXTERNAL:00000208	Rect	SCCORE.DLL::ScCore::Rect::Rect	SCCORE.DLL::ScCore::Rect
EXTERNAL:00000209	cmp	SCCORE.DLL::ScCore::String::cmp	SCCORE.DLL::ScCore::String
EXTERNAL:0000020a	operator_delete	SCCORE.DLL::ScCore::Heap::operator_delete	SCCORE.DLL::ScCore::Heap
EXTERNAL:0000020b	operator_delete[]	SCCORE.DLL::ScCore::Heap::operator_delete[]	SCCORE.DLL::ScCore::Heap
EXTERNAL:0000020c	~Root	SCCORE.DLL::ScCore::Root::~Root	SCCORE.DLL::ScCore::Root
EXTERNAL:0000020d	allocMem	SCCORE.DLL::ScCore::Allocator::allocMem	SCCORE.DLL::ScCore::Allocator
EXTERNAL:0000020e	flush	SCCORE.DLL::ScCore::Allocator::flush	SCCORE.DLL::ScCore::Allocator
EXTERNAL:0000020f	unique	SCCORE.DLL::ScCore::SimpleArray::unique	SCCORE.DLL::ScCore::SimpleArray
EXTERNAL:00000210	operator==	SCCORE.DLL::ScCore::SimpleArray::operator==	SCCORE.DLL::ScCore::SimpleArray
EXTERNAL:00000211	setSize	SCCORE.DLL::ScCore::SimpleArray::setSize	SCCORE.DLL::ScCore::SimpleArray
EXTERNAL:00000212	append	SCCORE.DLL::ScCore::SimpleArray::append	SCCORE.DLL::ScCore::SimpleArray
EXTERNAL:00000213	remove	SCCORE.DLL::ScCore::SimpleArray::remove	SCCORE.DLL::ScCore::SimpleArray
EXTERNAL:00000214	operator+=	SCCORE.DLL::ScCore::SimpleArray::operator+=	SCCORE.DLL::ScCore::SimpleArray
EXTERNAL:00000215	operator==	SCCORE.DLL::ScCore::SparseArray::operator==	SCCORE.DLL::ScCore::SparseArray
EXTERNAL:00000216	find	SCCORE.DLL::ScCore::SparseArray::find	SCCORE.DLL::ScCore::SparseArray
EXTERNAL:00000217	remove	SCCORE.DLL::ScCore::SparseArray::remove	SCCORE.DLL::ScCore::SparseArray
EXTERNAL:00000218	_purecall	VCRUNTIME140.DLL::_purecall	VCRUNTIME140.DLL
EXTERNAL:00000219	__std_terminate	VCRUNTIME140.DLL::__std_terminate	VCRUNTIME140.DLL
EXTERNAL:0000021a	memcpy	VCRUNTIME140.DLL::memcpy	VCRUNTIME140.DLL
EXTERNAL:0000021b	memset	VCRUNTIME140.DLL::memset	VCRUNTIME140.DLL
EXTERNAL:0000021c	_CxxThrowException	VCRUNTIME140.DLL::_CxxThrowException	VCRUNTIME140.DLL
EXTERNAL:0000021d	__RTDynamicCast	VCRUNTIME140.DLL::__RTDynamicCast	VCRUNTIME140.DLL
EXTERNAL:0000021e	__std_exception_copy	VCRUNTIME140.DLL::__std_exception_copy	VCRUNTIME140.DLL
EXTERNAL:0000021f	__std_exception_destroy	VCRUNTIME140.DLL::__std_exception_destroy	VCRUNTIME140.DLL
EXTERNAL:00000220	__current_exception	VCRUNTIME140.DLL::__current_exception	VCRUNTIME140.DLL
EXTERNAL:00000221	__current_exception_context	VCRUNTIME140.DLL::__current_exception_context	VCRUNTIME140.DLL
EXTERNAL:00000222	__C_specific_handler	VCRUNTIME140.DLL::__C_specific_handler	VCRUNTIME140.DLL
EXTERNAL:00000223	__std_type_info_destroy_list	VCRUNTIME140.DLL::__std_type_info_destroy_list	VCRUNTIME140.DLL
EXTERNAL:00000224	__CxxFrameHandler4	VCRUNTIME140_1.DLL::__CxxFrameHandler4	VCRUNTIME140_1.DLL
EXTERNAL:00000225	getenv	API-MS-WIN-CRT-ENVIRONMENT-L1-1-0.DLL::getenv	API-MS-WIN-CRT-ENVIRONMENT-L1-1-0.DLL
EXTERNAL:00000226	_wgetenv	API-MS-WIN-CRT-ENVIRONMENT-L1-1-0.DLL::_wgetenv	API-MS-WIN-CRT-ENVIRONMENT-L1-1-0.DLL
EXTERNAL:00000227	_wputenv	API-MS-WIN-CRT-ENVIRONMENT-L1-1-0.DLL::_wputenv	API-MS-WIN-CRT-ENVIRONMENT-L1-1-0.DLL
EXTERNAL:00000228	fmod	API-MS-WIN-CRT-MATH-L1-1-0.DLL::fmod	API-MS-WIN-CRT-MATH-L1-1-0.DLL
EXTERNAL:00000229	trunc	API-MS-WIN-CRT-MATH-L1-1-0.DLL::trunc	API-MS-WIN-CRT-MATH-L1-1-0.DLL
EXTERNAL:0000022a	tan	API-MS-WIN-CRT-MATH-L1-1-0.DLL::tan	API-MS-WIN-CRT-MATH-L1-1-0.DLL
EXTERNAL:0000022b	log10	API-MS-WIN-CRT-MATH-L1-1-0.DLL::log10	API-MS-WIN-CRT-MATH-L1-1-0.DLL
EXTERNAL:0000022c	asin	API-MS-WIN-CRT-MATH-L1-1-0.DLL::asin	API-MS-WIN-CRT-MATH-L1-1-0.DLL
EXTERNAL:0000022d	atan	API-MS-WIN-CRT-MATH-L1-1-0.DLL::atan	API-MS-WIN-CRT-MATH-L1-1-0.DLL
EXTERNAL:0000022e	atan2	API-MS-WIN-CRT-MATH-L1-1-0.DLL::atan2	API-MS-WIN-CRT-MATH-L1-1-0.DLL
EXTERNAL:0000022f	cos	API-MS-WIN-CRT-MATH-L1-1-0.DLL::cos	API-MS-WIN-CRT-MATH-L1-1-0.DLL
EXTERNAL:00000230	exp	API-MS-WIN-CRT-MATH-L1-1-0.DLL::exp	API-MS-WIN-CRT-MATH-L1-1-0.DLL
EXTERNAL:00000231	ceil	API-MS-WIN-CRT-MATH-L1-1-0.DLL::ceil	API-MS-WIN-CRT-MATH-L1-1-0.DLL
EXTERNAL:00000232	log	API-MS-WIN-CRT-MATH-L1-1-0.DLL::log	API-MS-WIN-CRT-MATH-L1-1-0.DLL
EXTERNAL:00000233	sin	API-MS-WIN-CRT-MATH-L1-1-0.DLL::sin	API-MS-WIN-CRT-MATH-L1-1-0.DLL
EXTERNAL:00000234	pow	API-MS-WIN-CRT-MATH-L1-1-0.DLL::pow	API-MS-WIN-CRT-MATH-L1-1-0.DLL
EXTERNAL:00000235	floor	API-MS-WIN-CRT-MATH-L1-1-0.DLL::floor	API-MS-WIN-CRT-MATH-L1-1-0.DLL
EXTERNAL:00000236	acos	API-MS-WIN-CRT-MATH-L1-1-0.DLL::acos	API-MS-WIN-CRT-MATH-L1-1-0.DLL
EXTERNAL:00000237	sqrt	API-MS-WIN-CRT-MATH-L1-1-0.DLL::sqrt	API-MS-WIN-CRT-MATH-L1-1-0.DLL
EXTERNAL:00000238	_ctime64	API-MS-WIN-CRT-TIME-L1-1-0.DLL::_ctime64	API-MS-WIN-CRT-TIME-L1-1-0.DLL
EXTERNAL:00000239	_time64	API-MS-WIN-CRT-TIME-L1-1-0.DLL::_time64	API-MS-WIN-CRT-TIME-L1-1-0.DLL
EXTERNAL:0000023a	rand	API-MS-WIN-CRT-UTILITY-L1-1-0.DLL::rand	API-MS-WIN-CRT-UTILITY-L1-1-0.DLL
EXTERNAL:0000023b	srand	API-MS-WIN-CRT-UTILITY-L1-1-0.DLL::srand	API-MS-WIN-CRT-UTILITY-L1-1-0.DLL
EXTERNAL:0000023c	_initialize_onexit_table	API-MS-WIN-CRT-RUNTIME-L1-1-0.DLL::_initialize_onexit_table	API-MS-WIN-CRT-RUNTIME-L1-1-0.DLL
EXTERNAL:0000023d	_initterm_e	API-MS-WIN-CRT-RUNTIME-L1-1-0.DLL::_initterm_e	API-MS-WIN-CRT-RUNTIME-L1-1-0.DLL
EXTERNAL:0000023e	_cexit	API-MS-WIN-CRT-RUNTIME-L1-1-0.DLL::_cexit	API-MS-WIN-CRT-RUNTIME-L1-1-0.DLL
EXTERNAL:0000023f	_execute_onexit_table	API-MS-WIN-CRT-RUNTIME-L1-1-0.DLL::_execute_onexit_table	API-MS-WIN-CRT-RUNTIME-L1-1-0.DLL
EXTERNAL:00000240	_initialize_narrow_environment	API-MS-WIN-CRT-RUNTIME-L1-1-0.DLL::_initialize_narrow_environment	API-MS-WIN-CRT-RUNTIME-L1-1-0.DLL
EXTERNAL:00000241	_configure_narrow_argv	API-MS-WIN-CRT-RUNTIME-L1-1-0.DLL::_configure_narrow_argv	API-MS-WIN-CRT-RUNTIME-L1-1-0.DLL
EXTERNAL:00000242	_seh_filter_dll	API-MS-WIN-CRT-RUNTIME-L1-1-0.DLL::_seh_filter_dll	API-MS-WIN-CRT-RUNTIME-L1-1-0.DLL
EXTERNAL:00000243	terminate	API-MS-WIN-CRT-RUNTIME-L1-1-0.DLL::terminate	API-MS-WIN-CRT-RUNTIME-L1-1-0.DLL
EXTERNAL:00000244	_fpreset	API-MS-WIN-CRT-RUNTIME-L1-1-0.DLL::_fpreset	API-MS-WIN-CRT-RUNTIME-L1-1-0.DLL
EXTERNAL:00000245	_initterm	API-MS-WIN-CRT-RUNTIME-L1-1-0.DLL::_initterm	API-MS-WIN-CRT-RUNTIME-L1-1-0.DLL
EXTERNAL:00000246	free	API-MS-WIN-CRT-HEAP-L1-1-0.DLL::free	API-MS-WIN-CRT-HEAP-L1-1-0.DLL
EXTERNAL:00000247	_callnewh	API-MS-WIN-CRT-HEAP-L1-1-0.DLL::_callnewh	API-MS-WIN-CRT-HEAP-L1-1-0.DLL
EXTERNAL:00000248	malloc	API-MS-WIN-CRT-HEAP-L1-1-0.DLL::malloc	API-MS-WIN-CRT-HEAP-L1-1-0.DLL
